{
  "Total" : {
    "transaction" : "Total",
    "sampleCount" : 2500,
    "errorCount" : 0,
    "errorPct" : 0.0,
    "meanResTime" : 7492.314799999989,
    "medianResTime" : 7439.5,
    "minResTime" : 407.0,
    "maxResTime" : 11062.0,
    "pct1ResTime" : 8863.9,
    "pct2ResTime" : 9111.95,
    "pct3ResTime" : 9848.839999999997,
    "throughput" : 57.488444822590665,
    "receivedKBytesPerSec" : 217.48058327776116,
    "sentKBytesPerSec" : 48.89886273484029
  },
  "HTTP Request" : {
    "transaction" : "HTTP Request",
    "sampleCount" : 2500,
    "errorCount" : 0,
    "errorPct" : 0.0,
    "meanResTime" : 7492.314799999989,
    "medianResTime" : 7439.5,
    "minResTime" : 407.0,
    "maxResTime" : 11062.0,
    "pct1ResTime" : 8863.9,
    "pct2ResTime" : 9111.95,
    "pct3ResTime" : 9848.839999999997,
    "throughput" : 57.488444822590665,
    "receivedKBytesPerSec" : 217.48058327776116,
    "sentKBytesPerSec" : 48.89886273484029
  }
}